email,password
fringedconsuela@hotmail.co.uk,flues6
pleasedecerns@att.net,}91Sm0/^G;@}5
modswank@msn.com,olms91
larkprostrate@aol.com,.3>:(H'%t~+X
skilledalta@att.net,mousings
soldjazmin@hotmail.com,8T?X%7s9['($8
ravagedought@yahoo.co.uk,"ga""sTralgic"
wonholli@hotmail.com,h!uRriedness
fakeanthony@yahoo.co.uk,04p+0.J6T`5Igj
shornanika@gmail.com,11B@c63(]c#c87
schlockclues@live.com,flaunter
blondetory@me.com,swivets
liefclasp@comcast.net,blimps
sidelingkneads@comcast.net,tolUate:6
tamelessgrief@verizon.net,blouson
toomgladys@me.com,to&urNiquet
strawrichard@email.com,footstalk
boullebondmaid@att.net,^g2858ay|k37
erstwhilewhelms@aol.com,ov@erdraugHt
samelairs@verizon.net,phot]ograMs
webbedsmolt@msn.com,brink6
witspats@aol.com,1kF@@7o3}a9#
laithericka@hotmail.co.uk,dEcede)nt
groggyzamarron@live.com,broadcastIng;
yeasplints@verizon.net,akvaVit!4
toejaye@email.com,chasm3
pacedtamika@mac.com,pr(eventiVe
scantpacts@mac.com,~#j&[$j:uKH83(
strawmark@yahoo.com,strangers
snuffevon@yahoo.co.uk,phone]tIsts
milelackey@mac.com,borzois
grimjanuary@yahoo.co.uk,commies
scalleddemetrius@comcast.net,glans5
thruaugust@yahoo.com,mild67
blowzedseiberling@hotmail.co.uk,^>2]8!s|v/~8
rakedfoehn@yahoo.com,palisad#Es
blametanisha@hotmail.com,"D{uZ`'q>0x""XFr"
erstfuse@gmx.com,"51ZGmhR""}[#x7G"
raisedbrian@live.com,AT+Cj(eb/u324S
squabmelvin@aol.com,]!^Yoq1o32.1
moldylakh@msn.com,@12L:{4HS.0R1
darnbourgeons@yahoo.com,acquests
faintaint@mac.com,3781WzT3v:=6@
fabfelt@gmx.com,smatch
preggersdays@hotmail.co.uk,dis;rUptor
taiqiana@mac.com,freezer
howgain@yahoo.co.uk,seizings
dryerhorace@mail.com,7~?444Ej?eq1c
darneddorthy@email.com,gare74
lobedstefanie@email.com,ar'sEnal2
farhoodoos@email.com,%14n9|88200>
thenofftake@yahoo.co.uk,clachans
pushedrozella@mail.com,beefsteak
burredrardon@mac.com,orgasm
duskalfred@mac.com,maths8
widehalving@msn.com,m!itOsis7
eathgirn@mail.com,"te""Noners"
coursedcristobal@me.com,cartouche
tradpatrick@gmx.com,pursued
stretchsharleen@gmail.com,aT]testers
stodgysevin@gmail.com,month5
plumposcar@mail.com,inset2
tiedjunita@hotmail.com,soar18
ninthalbert@msn.com,inte{staTes
pseudscares@gmail.com,clairvoyAn/t
thinmitchell@aol.com,"autoT""ypes"
splaywinona@yahoo.com,pinnipE{ds
yaremast@yahoo.com,8KH(87O57$MF
snuffkapoi@comcast.net,c(Onfluent
punykettner@yahoo.co.uk,'garagEs7
quackfootcloth@mail.com,ve)rLigte
sizeabbie@mac.com,barstools
behindbigelow@live.com,quads5
aloudplies@gmx.com,cease6
stocklessfyler@mac.com,aqu=Ifer0
enthralledskelf@gmx.com,cyana@Te6
downstairmall@yahoo.co.uk,bants1
snuffmacie@hotmail.com,rD8;%^I/ai7N
slungpatrica@hotmail.co.uk,;m#n1w>0K3fn7
thatlush@mail.com,c:onDiment
leafedlila@comcast.net,76Ah:Umb$54%V7
merevictor@hotmail.co.uk,Shogun#ates
kraalphylis@hotmail.co.uk,fusar[oLes
incogswith@gmx.com,v&icInage
slumnickie@hotmail.co.uk,"kinswoMan
markedrena@yahoo.com,rep!eaTer
cuspedkirk@msn.com,poky85
blamekyle@hotmail.com,bends4
metalwinfred@msn.com,wooshes
stalkedgeorgetta@msn.com,Uy73415V#g&P3
moreishpavelich@yahoo.co.uk,deprEss+ors
wrappedeun@verizon.net,dribs5
lichtmell@att.net,hawking
muchtidmore@att.net,Aq!ualungs
sheerdents@msn.com,grapheme
dreadyang@live.com,feldspars
secgranters@mac.com,defeats
blearkelley@mail.com,y&;(2H<2P2l)P5
thencedric@yahoo.co.uk,pA/lterers
dinkwold@gmail.com,)+]]rR^48)5m{]
sissyloughmiller@mail.com,Y1m;~eA8`2&09g
furredraff@comcast.net,ghats8
ajarhafts@gmail.com,314$[~A]$)@qB
shiestspies@gmx.com,discou/rSer
tiledmegan@yahoo.co.uk,treachEry"
sincestaples@msn.com,purgings
mobkory@att.net,5n&8z${!`8iV@
sparelutes@live.com,:+5z0AMj@g/8+
sparsevernon@msn.com,syLla=bic
puirwerntz@msn.com,coe!vaLs5
stonedstroinski@email.com,x7${{|G88h>83
stiffbrice@comcast.net,4`5e21}9<4j8
featevangelina@aol.com,"p""Urgations"
brashbridoon@att.net,9e484$:;(B2A
eathoust@gmx.com,|CUP6yh9'aRY
checkeddon@hotmail.co.uk,currenTnes?s
heeledrehbock@aol.com,"2>0)+3/7v+""j30"
traddorian@verizon.net,23<C0m#3r>+Q
neutergolps@mail.com,pA$retic0
sliercecil@mac.com,t~ricepsEs
moldygeraldo@mac.com,prefer.meNts
drollkieth@gmail.com,7}50D?800n.^!
pitchedrandal@msn.com,|8|Z/$9[9%6b
hippedharold@mac.com,null<Ity5
bitchythug@mail.com,meets3
choicealvera@aol.com,sleeve
culticboon@email.com,valves
quitediscerps@hotmail.co.uk,bra%Chydomes
mzeedarrell@comcast.net,"SaI>!f:~@Pd7""w"
ultadalberto@msn.com,fards9
echtlatesha@hotmail.com,puddler
couthdebora@email.com,4<r92<2)86}D9]
logmoskos@msn.com,qUietu^de
shycami@gmx.com,gourds
brusqueabbie@gmx.com,53nDrz=379:;
dereodis@gmx.com,barogrAm^s
runedarchlute@gmx.com,achrOm+at
yeldrobert@gmail.com,clout1
skeighcrocks@hotmail.com,int|iMate
afttyler@comcast.net,catapl=aSm
spoiltporfirio@yahoo.co.uk,"3[<6""$07M586)8"
stalkedjosef@me.com,contraCt+ure
dashunzips@msn.com,saice1
athrillmcmullins@hotmail.com,=34&s(=9].{9
stalelythrones@email.com,puTres|cence
poshmargie@yahoo.com,020<%8ty@#E:8<
noneail@mac.com,"7~4[0""}Z'13v"
toughcassidy@gmail.com,$Verismo0
blameorlando@yahoo.com,guards
plumbdihel@yahoo.com,6h0;}fw=&N&20m
calmwinston@msn.com,cop)ybOoks
snubverda@aol.com,{29q}s]/0@E7s
atiltdens@aol.com,mode77
shearedcasey@yahoo.co.uk,VHS0(~339eYDP?
crampedeilert@comcast.net,vignetT]ists
skeighnoguchi@yahoo.co.uk,volitI;on
slapmoseys@comcast.net,=7&R(bd]7A@^
blamedhad@verizon.net,caRriagewa~y
builtaubrey@gmx.com,H$1~0]=(02%:
ninetycoraham@hotmail.com,snoop9
shyezekiel@hotmail.co.uk,paNada%88
throwndecaro@gmail.com,shott1
tristeprawns@mac.com,"1^""`r~s}$h[07Z"
darnedestle@email.com,"$N5""x8SD[`596"
litho_shalonda@mail.com,daff95
crookwillian@verizon.net,coRonac;h
bloomingvasko@att.net,f+iniShes
nettlythens@live.com,rEp@urchase
wrappedstreakers@mail.com,")1rM6K0g8j""''V"
thornywheels@yahoo.com,backplate
burrywide@msn.com,"02R""=(|p5%{t"
scarcedent@comcast.net,tUrio`n06
snubraymundo@mac.com,aubEr+ges
soremunites@aol.com,trophy
crackednoel@email.com,waggle
plumbhests@aol.com,8418(n080zD51}
lengthwisegieger@live.com,h1i${%U9(636S
skimjohana@msn.com,@]]xt>M4y5dvm
henceveer@live.com,kists7
soondelves@att.net,tr%uancIes
lotspout@comcast.net,%4%5L/~yg|t)I
triteroseann@hotmail.com,p@%82<]t581t
earedpatty@gmail.com,plaids
scaldcristin@mac.com,deTai/ners
calmchristina@live.com,&92U1#98!~.o7v
piledleeanne@hotmail.com,provEna!nce
surecleans@msn.com,handcarts
ripekandi@hotmail.co.uk,ba>sTion4
cleandure@hotmail.com,me@taplAsm
allplaits@comcast.net,abele8
twiceswaging@gmx.com,shawm8
lestcrankle@mac.com,pre=fiXes
brokemac@gmail.com,aF(fixes0
frorejakes@mac.com,0:1.5`554.7cp>
frigidcroak@mail.com,iMp%sonite
taughtmarles@yahoo.com,berk42
flawedtheres@gmail.com,?4%2`=t+914S+3
meetjeffrey@mac.com,waveguide
quitsleandro@me.com,upsil~On8
wrappedsteich@mail.com,inha)laNts
poshshearer@att.net,"2Ob~zN5`j""R/2v"
tiredampere@gmail.com,loaches
stuffedrolland@verizon.net,3qV+4X=N2|5E
stringedabel@hotmail.co.uk,shining
farthestpain@live.com,"<""2xV=&$6xj7"
thruomara@msn.com,;@>0=78BgR3(98
unkindtehan@email.com,snivel
darnedfledged@email.com,"}[KgL{So2L""26"
apeakpores@aol.com,^t>#(51l9j7h0
thwartkendall@me.com,all?Ottee
usedswathes@yahoo.co.uk,[u&81}0(juH5
slierguy@gmx.com,"T$<1d""W""41rK:"
secbeaureguard@att.net,sUff{usion
thyrsoiddarns@att.net,"y09[a~2A]5""E"
wrappedtempos@verizon.net,veins3
agapescheperle@att.net,jnw3'W8>/im9!
thwartharley@hotmail.com,payMast{er
smashedcruz@live.com,brume8
loudtanner@mac.com,iNte;rgrowth
declaredbolt@mac.com,rail46
foldantony@aol.com,2oz@@448@]0O[8
stubbledavelar@hotmail.co.uk,=6;!@.vM0c$4
shedbirdie@live.com,bk4:]80>ym+1
moiresuzanne@verizon.net,blockers
tinnedbeau@live.com,legend
ceaselessdembinski@verizon.net,%G6&444g&w/8
finnedclayton@aol.com,suBtl]eness
sunkching@att.net,@CG/Z6@04b%Y
wrappedhobert@mail.com,haafs1
chicharrison@live.com,pan[cReas
gruffwinberry@mac.com,0~Y&?3U057$k
teenmerlin@live.com,}Fj5/[^=R@}Q`]
seencinda@comcast.net,Crisp.ation
unloppedkibble@email.com,mic=roFiche
surdima@gmail.com,answ+eRers
broodtoshiko@mac.com,"(#2#u6=""(?'W1"
pouchedjerald@verizon.net,4^936z0o0Gb90
twinnedute@live.com,Inte]rgrades
lobedtracey@gmx.com,N{FLJ96Q4KrU
profoundwala@att.net,9R&7r=40!o'`v(
fringedlopiccalo@msn.com,denier
calcedarnulfo@verizon.net,coLchi:cum
mesnenosal@comcast.net,lahs43
stalenoah@yahoo.co.uk,q330r;47r'!42
wedkathey@gmail.com,dud389
blamemerrie@comcast.net,Sou)saphones
soughttrypsin@yahoo.co.uk,r4>58]3}`.~$;A
electdanielle@me.com,664K@@18N])`|Y
supervenice@aol.com,poUl`tices
moistlybield@email.com,cocaine
triedmetes@comcast.net,fartHingal>es
voidjame@aol.com,c9+[H'B;16&5
tightgolly@aol.com,gra#ndpaPas
skimdessie@live.com,{35{4]m)~P%3O/
thusdrown@comcast.net,peer34
sewngerardo@aol.com,Gale>a475
gaugeshoshana@yahoo.com,=6Yl98$#}!D3)#
plumbgabriella@mac.com,tincts
splaymilldam@hotmail.com,azine7
flippingchomps@aol.com,ST|5^97n]fpC]2
palelatke@email.com,@cYtoplasm
coastwiseblurs@yahoo.co.uk,wrests
tanboats@email.com,0T5%]D[}4a3h41
lushdrays@email.com,;2#~]6>5LE^0
swishvickie@hotmail.com,slag64
sparselandon@aol.com,d47V9U<K75}(0
reviledcart@hotmail.com,join72
fraughtdwayne@gmx.com,cues35
heplivia@att.net,bash63
sincerelongest@att.net,graNdm@ammas
bilioussheinbein@gmail.com,broil2
steypattle@hotmail.co.uk,spleuchan
gyroseglims@att.net,mwtt)Ob@ZQh|9
gummedmelvin@hotmail.com,Q4S7|Q6>810&'
sameyowls@comcast.net,knacks
triplysilt@hotmail.com,b$eduIn14
phonichikes@hotmail.com,"1L0cmp1^`""9]"
sunbeamedvelis@yahoo.co.uk,sup#ersTar
buffsquelch@gmail.com,Envi<ers4
aftbrangles@hotmail.com,)[1~5AQ5T27/
foggedbrenna@yahoo.co.uk,9'S$4N>]2#<32
parcelstuffs@email.com,pleas1
teindmargret@mail.com,premi!Eres
boulletod@mac.com,fell45
fatteritch@att.net,ciaos2
primdania@live.com,deMir=ep6
bluntelmer@gmx.com,fAllow=ness
shoalskinful@aol.com,bungee
outdoorsquench@gmx.com,).m8I?2/8(;q
darnwendell@mail.com,R)avages6
weariedortuno@gmx.com,sTethosco.pe
dullyreists@gmx.com,concernme]Nts
keyedcookson@yahoo.com,estim$Ate
liefdaniela@comcast.net,strokings
tailssandbags@hotmail.com,"!G/{""EB:69mO&F"
ripemarty@gmx.com,0/]&Og?k`~d3`&
toldkaitlin@mail.com,"lIthoprint
vaguealta@verizon.net,i98:J99X0?9vb"
dashedkendra@hotmail.co.uk,8a88k=f^r6O{4
stringednereida@aol.com,glebe8
dinkrosario@mac.com,rem!aTches
liegepartlet@mac.com,8t#g]7[1Mh%+
overrosanna@hotmail.co.uk,811<R;}v2|(9[z
throughsplines@att.net,Disseizo`r
moldyfusils@msn.com,ha'Iriness
cheesedolin@live.com,kinas4
ninthbess@hotmail.com,hob005
pockedskats@me.com,saithe
quitsfelty@yahoo.co.uk,cakes0
taughtramon@mail.com,g]!f+m+X]CYI
opemitzie@live.com,chalkboar
stungbounces@me.com,spokesman
agospean@comcast.net,S}6}/%21tF419&
earnedtelfer@yahoo.com,[c!2$y~E1K3Eg
grousedraw@verizon.net,polks4
ginnedpaints@yahoo.com,mall[Enders
serefloretta@gmail.com,LC$.<<371H%S4%
widesurcoats@me.com,"cha""stEner"
wheeledshane@aol.com,"p""Iggeries"
letteredfifer@gmail.com,1w8{%.odKvM@4q
wastejonas@hotmail.com,guEst`imates
leftcindy@yahoo.co.uk,nuaNc)es5
tersejuliette@comcast.net,"[4[|BRtKa5@y1
shrewddean@mac.com,bin627
coastwardweslow@live.com,Ute}nsil9
nutsleonardo@gmx.com,lump+suckErs
liegenarks@live.com,438.<+4@7.7;3
plunkcaptions@yahoo.co.uk,warders
hereonbade@gmx.com,446j2|(jk'SA#7
brochlavon@gmail.com,h81&`T5=Z00j1Q
theregown@yahoo.com,booties
afoottease@gmx.com,octi+llioNth
yeldchuck@mac.com,n4G2wH/x$|B'[
hoarsecharmaine@email.com,oveR@slaughs
twinklingzamzam@aol.com,ca}talYsts
hoarsetrinket@comcast.net,4R<Ff1/}}..&
zonkedamberly@yahoo.co.uk,dentaTions"
bleartristan@yahoo.co.uk,melts4
gauchevangs@mac.com,gg$47<=x<W@a
skewkatelyn@hotmail.com,"J45~%nnp}5""7"
earedavery@live.com,f5J3[{812]0[
talkinglamphear@verizon.net,gRada&tion
twinnedspringe@aol.com,thill0
hurtmince@verizon.net,"3/=""4SR}#9[("
chichilario@live.com,[8<$09C%l5%0o^
gibbedlouis@att.net,couplings
dreaddominique@yahoo.co.uk,laRges(ses
eyedlee@verizon.net,"^Av""5)~54E""84"
braveaura@gmx.com,"jFz3.2~0n""(&R3"
tornjake@mail.com,rE%plica1
nearlouise@hotmail.co.uk,sh!iKari6
pitchedmatt@email.com,ci[tranGes
cladstephaine@gmx.com,"07@=g`?0X""98"
stretchslyvia@me.com,appL)iance
builtsniffler@hotmail.com,spunkies
flipphyliss@comcast.net,magilps
leftrezoned@comcast.net,{/O7>q67(6X1
prefabarrott@msn.com,4g1lpo&8j'|$
hippedkosty@yahoo.com,tafFeta)4
fringedsydney@comcast.net,vote04
vastphyliss@msn.com,fecks9
sphygmoidmellady@aol.com,=(?4t.a92m?E3
surefloyd@yahoo.com,345v35(xT<1.N
lownsydney@mail.com,eScu%dos5
creoleaaron@hotmail.com,nudes8
smashoutdrives@verizon.net,inflexI$on
chockskyjack@gmx.com,Collat>or
stalkedshonda@comcast.net,66c^{38$A{4/2J
schizowuellenweber@verizon.net,x^eroSis0
hoggedjerald@hotmail.co.uk,p:lanobLast
thrownmarjory@hotmail.co.uk,"q/J(>}[""S4/5"
spurredhane@msn.com,wears2
quarekatlyn@comcast.net,smalt2
swarthedwin@att.net,claPpe]rboard
strungdrock@hotmail.com,Iambic0`3
wedjed@yahoo.com,stalags
eightmartin@hotmail.co.uk,d%%=3088L^X<2
mummargaret@yahoo.co.uk,":(6301{1R3""(|"
superhiggles@att.net,calmness
thinsprain@me.com,=9;@@06158$5
heldtoby@me.com,abasemEn>t
darnedbonavita@live.com,leaving
supercleo@mac.com,shelduck
stagedeastlick@hotmail.com,p&rimAtes
floppock@live.com,ebb157
pronemarkette@me.com,inducemEn{t
haltbonenberger@aol.com,6V]3p=`'>1z3
mottledstab@gmx.com,6(2G^9b81Gf2u
phutaddicts@mac.com,squeaks
cleanenlaced@yahoo.co.uk,/C2~6%].470=0
bugsjermaine@msn.com,;3(26(T`$T}(q~
plopoutpaced@verizon.net,!1NJm$H]6591
cloveredgluts@yahoo.co.uk,vanquIs|hment
backhandthrobs@msn.com,fails9
bustedgar@mac.com,naught
anoncaroled@msn.com,refUses[0
snodjackeline@msn.com,hE}'q.43G1Rt
blufflyscares@hotmail.com,compote
toughsharon@aol.com,comfrey
wagelesstwitch@hotmail.co.uk,1t)3<v3]C}8J
blondbertram@email.com,?%66uC>362V>4
coolkeneth@mac.com,GE:e3=O!)TR$7/
robustbene@msn.com,%8'!6D12I3q1
sentcristina@mac.com,?Quadrellas
spanggee@email.com,i@ntercoMs
natchgestured@email.com,Corpule}nce
unpoisedbenari@me.com,+)O.9``[@$~6
boldhayley@verizon.net,Uvular7$9
wudferdinand@gmail.com,tutsan
languedlazaro@aol.com,nightshad
tiercedchoules@msn.com,beltways
drippyscorch@hotmail.com,subveRt/er
nearjoni@hotmail.com,~h+=Q)0X`6P/3/
soresleds@yahoo.co.uk,`C[$1wt(:?C&5`
yetbleep@verizon.net,foibles
oatencorrela@gmx.com,orcEin9{4
mzeepamela@comcast.net,colures
thinloafs@mail.com,gaZettee{rs
unaptlipper@yahoo.com,antEro'oms
lodgedgraybeard@mac.com,redpolls
driedaudrea@comcast.net,manger
hircinekoyama@mail.com,equ{erriEs
haploidthyrse@msn.com,HI|01(`3f`6!|6
tartwarning@hotmail.com,lignOcain[e
forteeldon@hotmail.co.uk,alba~trOss
flipjerald@mac.com,"6OO{`4.k0`<C""'"
printannetta@mac.com,spawner
iwisjinks@email.com,dabster
wrothangeles@yahoo.com,<Nsd:B<(qr.1;?
swornciera@verizon.net,cloudlet
splayharry@yahoo.co.uk,"j&448~1s=w""bl"
ghastcherise@live.com,"cassiMere
tankedait@yahoo.com,intrigues
superarrive@email.com,O6@1907T>'|2
tongueddaubers@live.com,&4/O)f&r7rR|
tiptoeprunes@aol.com,caBo&odle
weedean@comcast.net,?<P|{4{X?';D&"
trimneighbors@gmail.com,}w]7]603(w);]
keenlyfelt@hotmail.co.uk,|;&3vf>zd8`q
archedarlen@mac.com,falls5
famedbentancourt@aol.com,cooPe^rage
madvickey@email.com,"6""&V80p3!%@A5"
froreyolanda@me.com,quebrAcho)s
madvalise@gmail.com,baMbin?o6
dereleta@yahoo.com,quires
earthwardhelmly@me.com,spruce
elseshire@hotmail.co.uk,plait8
atiltfell@mac.com,corRecti[ve
dashtrenton@hotmail.com,dap=peRness
moistmisha@live.com,filTrati$ons
brawjolts@gmx.com,pavements
slymarcos@mac.com,conOd[onts
princelythump@msn.com,+G2F!8`ao1|{
downstatemilts@aol.com,inlAy]er6
leafedfeoli@me.com,repellE[nce
pokiesorahood@att.net,"3%54Y.|9~y}K""9"
maxinamanny@msn.com,=k|;%+%j3AU9
piquedaphine@gmx.com,"'>!"")&aOOJn46w"
bobsanton@verizon.net,seats5
slightlydried@aol.com,"arShin""es"
topsbryant@mac.com,"le""vitIes"
dankena@yahoo.com,=070$93aXle!
coursedferdinand@gmail.com,breadths
stackededith@aol.com,mac+hiSmo
forekirk@yahoo.co.uk,s^atraPies
squamateflanks@mac.com,plodge
nowaynocks@mail.com,>>H{'21&/4R/11
miffedben@yahoo.com,/2Y#$.}'^1gQ
steepin@gmail.com,o}edeMa46
paletube@comcast.net,eL%evens5
queerhortense@yahoo.co.uk,somite
nudelyquell@me.com,#noIsemakers
mootglesener@mail.com,P$oppycock
liegebastions@live.com,K22W&{V5/@8O
terselinette@msn.com,pooch5
froreedison@att.net,]lentIcel
lankrene@hotmail.com,verdins
gibbedfabian@att.net,eider!dOwns
archedverdell@yahoo.co.uk,mauves
starredwilmer@msn.com,recyCle&2
crazedfelix@mail.com,"l16%9v]69B8a1
shearedmarilou@live.com,mack79
prouddelinda@mac.com,rabA=to93
unwishedkotzen@yahoo.com,|<![AE73210xJ
mzeeclemente@email.com,Qn(ntXGL{&sev
dournikita@live.com,]65<}%6T`@.6)
spareguy@gmx.com,|XG8A9[X%Q{X
couthnorthers@gmail.com,haunches
sprucevonkrosigk@yahoo.co.uk,malting
seenporter@live.com,bedrock
springlikecandland@live.com,supporTi%ngs
brochtrousseau@hotmail.co.uk,Fr]itterers
ownchub@msn.com,`)XF2~}1eXE^3<
likestipplings@hotmail.com,rHizospher<es
scarcefisheyes@gmx.com,mattings
scrimplard@yahoo.co.uk,P&'$h7D<#!S?"
freermonty@email.com,aqualu~Ngs
versedjohn@mail.com,$Kk4O6j'%3L:
nowlarks@me.com,"w0Q1.(=""=nl^"
antverlene@yahoo.com,!701r<]$`Y:<B4
edgewiers@me.com,backstabBe[r
pillionclack@email.com,s'nuggeRy
grayishflits@email.com,/sAlicin2
strungmartin@aol.com,^Ba0;2?1HSh95
paineddee@gmx.com,draughtbo
thendisseat@gmail.com,{S7pD?2$#5[?9]
sportdave@gmail.com,roadhouse
brashlyflay@gmx.com,begInne}rs
gyratemanko@gmail.com,>'!2Q[4%%2!~~&
lothdarell@mac.com,pRoconsul%s
freshseats@att.net,sYn?optist
coolpreston@yahoo.com,sCim;itars
blithelycleck@gmail.com,albur}nUm
queerha@me.com,"q.jf0~=""c!>|8N"
blonderoscoe@msn.com,0>q~iJL1.7'cR
fortepozzobon@yahoo.com,Q064:E992)?]L
dirtymontz@verizon.net,coNnect]ions
tenthhershel@live.com,pe(rcUssors
miffedoliver@msn.com,caro>tEne
fakeneva@msn.com,bridesmai
briefsueann@live.com,savant
taughtlionel@comcast.net,u<pbraidIngs
dreicheron@yahoo.com,ebo+Nite7
nimblyskims@me.com,C3QUr.26::B?(5
tinctsterling@verizon.net,tutus2
willedfichter@verizon.net,cloves
thrawpizer@me.com,%$G>fwS8029857
throughmewls@msn.com,wark90
strophicplumpton@yahoo.com,tractates
thrownjavarone@gmail.com,spelks
toedtraci@yahoo.co.uk,:inU}6NJ566=G
blondcarletta@comcast.net,baRnsto]rmers
tenserboughs@mail.com,wursts
scrapdannie@mail.com,[;|k}3$!8!9[
scarcemillstone@mail.com,fungi?Bles
awedplaque@gmail.com,aUto;types
fainsherilyn@yahoo.co.uk,conjunctur^Es
foulspatted@msn.com,9l6`iC8+%1y$q
strewnxavier@me.com,hu?sbaNdry
strictprovidencia@mac.com,mo)rellOs
grabashli@mail.com,cit205
cheapwoodbeck@aol.com,vJq35Ro!567M
logcordell@yahoo.com,";N""1<}Z8we[ah2"
stoneddonald@gmx.com,edItres+s
wavelessgrowth@verizon.net,y=/?C/@}%^7VSM
thickjospeh@gmx.com,crabbers
burstflorine@yahoo.co.uk,toom02
merelyhelps@mail.com,chondrite
moddraa@live.com,nogg32
tautmarsha@mac.com,a$dvIsor5
bruteideue@msn.com,cumshaws
hangdogperos@verizon.net,#NAME?
inwardcreaks@msn.com,%4l7<;''$7&$|
brassyallabaugh@hotmail.com,"knowinGness
cleancanoes@att.net,ma%ntEltree
stripedbernadette@mail.com,tress3
milchemile@att.net,t?hieVery
gulesrobt@me.com,4kQ9N5/38{L%0&
thwartjonathon@email.com,shears
forcedlatarsha@verizon.net,tailles
crazeddaren@me.com,}6$^d392w=d44
shelledrodolfo@mac.com,reel77
matpubis@msn.com,shRewish/ness
naughteloy@msn.com,k<x[sG8o2G+8L;
lornwiley@att.net,levin4
thrawdebbi@yahoo.co.uk,impeaC.hers
hookedwaldo@msn.com,calash
sloshedcarly@verizon.net,G3^[51r$t5N(0
larkbriquet@hotmail.com,calx79
finnedjune@att.net,tHearch@ies
bloomedalla@verizon.net,f~=2=|9]/<}04
slumgerry@hotmail.co.uk,pearlers
raisedbert@gmx.com,2c479d%x|?x9&
skinnedrainstorm@hotmail.co.uk,38{FS}N?;;>c
righteouskeirs@comcast.net,entoP!hyte
shodblaske@gmx.com,bombshell
muchhurdles@yahoo.com,coo773
terrenemun@verizon.net,n@5t9V|J(daCdU
groovedstephaine@yahoo.co.uk,.mamiLla8
fringedjoye@gmx.com,wales6
mobbridgette@gmail.com,wimples
coarsehuntzinger@live.com,h)Oboism8
sveltesheldon@me.com,bi>geneRs
stalkedramon@aol.com,gips05
rathdave@comcast.net,26=k$~.~[4mG6
whilessabres@hotmail.co.uk,whiffler
chancetramp@comcast.net,nows38
pouchedrefugia@msn.com,Id#iom037
lithepiedad@me.com,=74(x$6N>9{"
tightcozens@comcast.net,"(Tb31G4|82G""A"
anticdrawls@me.com,rhyton
eathjaymie@mail.com,)V3[2<@{}r}W<
analaline@gmail.com,k0.6$6:Wa({b
biasedesshaki@yahoo.com,"@+7^!7""5|6(~"
ghastelwood@live.com,critique
shoddygollin@hotmail.co.uk,halals
wershcrumps@att.net,angLo=phils
vivoknow@msn.com,]anaPest4
stalkedmalika@verizon.net,Tyl=opod8
furreddelmar@mail.com,antifRe!eze
crudetavolario@gmail.com,hooper
atweeldome@hotmail.com,QM143%r=2605?
unlikezega@mac.com,cEdil=la5
thruguadalupe@aol.com,Interval@e
webbedstan@att.net,sconcheon
hookedotis@verizon.net,hauls7
lorndusty@msn.com,^@7G..x5d}40
bushedjavier@mail.com,<laZarets
chillyescatel@hotmail.com,Ret+rial6
plopsortes@email.com,"tri""cHina"
windedtanis@hotmail.co.uk,nocturnes
soothtracy@hotmail.co.uk,wears3
barbedbroos@verizon.net,Blasto`mere
vexedkirk@hotmail.com,laEvul)ose
snowlikemichaelsen@aol.com,"=2;.^215#C(?^
scarcecaitlyn@aol.com,jamb$iyAs
rangedhomer@comcast.net,3M(3;n4]T2<^w
archchalupsky@yahoo.com,!'i6|93j5O;6`
wispyhenshall@mac.com,fla#minGos
volantpass@yahoo.com,bushwhaCk;er
plumbslunk@me.com,coMpot;ier
smugdonald@live.com,[5@/7]p{=)SW
tanleandra@att.net,6c=4rd)9845989
miffedlucius@msn.com,Oli%vine4
teendarin@yahoo.com,Hangov~er
mildbrain@gmx.com,shaduf
frailnursemaids@yahoo.com,parpends
steweddrebes@mail.com,)99:7R'68|{Wl
builtadrianne@hotmail.com,racHit!is
likelulu@yahoo.com,Do%tterel
leachytenore@aol.com,:E8{72}#6fx"
thumpingmeld@me.com,"de""aneRies"
froreblair@comcast.net,monOch$rome
audilequids@yahoo.com,sailplane
sameneighbors@live.com,o$utpouriNgs
sizedcletus@msn.com,"19{+?|3?""$80"
derebryan@comcast.net,keds39
scantlywreaks@aol.com,swill7
lithicsqueeze@att.net,;8[LKy|{Z9Tc
elsemaims@mac.com,Completio&n
ginnedrusty@mail.com,lurdans
shyarmand@hotmail.com,$64';P]'.5)!
chockertomes@comcast.net,%6`8%c|1t2#53
eighthlyzip@att.net,Mini+stries
eyedwhitney@msn.com,adSo@rbates
nutsmarkus@msn.com,6[62<|04=]<+0
squabkaley@verizon.net,9;$feZ1.5)0A2
taitera@mail.com,pech70
oughtwhinges@gmail.com,$~7'F8&@1|33
snubgreg@gmx.com,squama|tioNs
piledkurt@mac.com,&g]@11@!2$0C
backwardsswirl@email.com,runabO:ut
tinnedirving@me.com,tra>mpOlines
inchmealboom@hotmail.co.uk,Provi%so0
auldarmando@hotmail.com,9%10}54@M@41z
chockdaze@gmx.com,allies
moltopaid@yahoo.com,`Il~(c6BQd1<?
cadgydigirolomo@me.com,sauls0
nearhedy@comcast.net,warp32
birchtrey@aol.com,roSefish%es
fealbrianna@email.com,pibrochs
tweewanda@verizon.net,x>9~|b78l}3+0@
murkchristin@mac.com,soli;pSism
faintdarron@mail.com,hI&ppophile
coylynuke@me.com,kermeS=es
domedvan@comcast.net,naethings
slantwisemourns@verizon.net,/j0y&$Y(@l9YT
muchlandon@aol.com,'8l4uX7!+5TPO3
louchejulianna@att.net,~~7}>L^'$L34
nighrebuke@live.com,disbarmEn{t
yaregarland@live.com,|W1.Q7/8[D50%
bitchyhatchett@mail.com,shockstal
crumblobworms@aol.com,&36>u;.0=Eg1s
slightailene@gmail.com,:cHeilitis
drearjeff@hotmail.co.uk,yam067
damnbollards@yahoo.co.uk,#NAME?
tristeduve@aol.com,"@iiZQ%}c""M#%X/"
poshlorri@msn.com,IeJ57'EWB2/O
tonelesskamat@live.com,"blu""ffnEsses"
hedgyoik@live.com,Pa'tchoulis
gravesavannah@gmx.com,bummar(Ees
whitelyquits@live.com,"A6""D>~H}5/^<?"
vulnedgail@live.com,sit+ariSts
leallytube@mail.com,re?liGion
apeakpeers@hotmail.com,Figure>heads
deftslowworms@email.com,scombrid
anesnoise@hotmail.com,pekoes
selfthomasine@mac.com,wine~Ries
laighguard@aol.com,affir@mEr
staidbridget@att.net,midge0
storeemilee@msn.com,duEll!ist
caringechaure@hotmail.com,scIur&ine
bleakcourtney@msn.com,dupe00
forkyspurt@live.com,prickles
calcedjaime@gmail.com,"je""welErs"
modileana@comcast.net,seals2
douceseekford@att.net,gee123
aptmonroe@att.net,Kourbashe$s
damnedearbob@hotmail.com,`oC3~0=fZ<v6~$
oftstole@gmx.com,Tarn#ishes
bloomingbrim@mac.com,k+WI0C'22?Ul
ninthjerilyn@msn.com,T][83SA3e10))!
direlenard@email.com,zaptIa+hs
stemmedaugusta@mail.com,mi&santhRopes
sureharriet@email.com,qintars
squigglybroomell@msn.com,pent^acLes
cornuteblasz@live.com,inBre/eding
wheeledfloretta@yahoo.com,Bluffness{es
archalbertine@email.com,bastes
wudjeremy@mac.com,142}8pu:/>0{i
dealgerman@email.com,swerve
ungaugedfrancisque@live.com,lOpolit{hs
eighthregrets@me.com,"urbanI""sm"
chictat@live.com,tr.ichinAs
moonedsuk@email.com,quilts
swankbeulah@verizon.net,#NAME?
chilljoesph@verizon.net,~@M38>=0f#`02
selftheo@hotmail.co.uk,(I6Zy`K@5A<$
drunkspinelli@me.com,1){R[4#=yYWn
cheaprefused@yahoo.com,g^aLloper
pushedwilmer@mac.com,lathe7
buckedmarkus@comcast.net,wheals
strangelyfurl@live.com,ei?ghtieTh
linkedhugo@gmail.com,fibbing
scorchedjerri@msn.com,7?@T)2|+#L@:S
chicbriefings@mail.com,hiNterlan(d
erstswirl@mail.com,/methAnol
squabfernanda@mac.com,doek16
smashcongees@gmail.com,jinGoi:sts
mutemickey@email.com,ancOne{s0
flyweightduszynski@verizon.net,sponge
stuckandy@yahoo.co.uk,":85}(7r325}A
noticedrankin@hotmail.co.uk,cornEti.sts
briskmargart@mail.com,&ightEousness
voicedbilly@att.net,brigandInes"
thrucurving@aol.com,style3
suavelizabeth@gmx.com,a/cColade
squintchadwick@hotmail.com,~kk7]lWc%8sFf
worstronald@mac.com,3I%N=EVe]1v401
tenthjinn@live.com,#invertoRs
brunetrosinski@comcast.net,byes66
sereami@yahoo.com,Simulc]ast
toostarve@verizon.net,?1'ctD>F.`16'
tiercedessie@email.com,plumBe(ry
gauchesantiago@mac.com,":!sI6Z93""%6]~"
untarreddalin@hotmail.co.uk,vair11
fewpsalms@msn.com,tiles7
trefguy@msn.com,:adduCtions
midmostwounds@msn.com,capsIc/um
cleanjakowich@yahoo.com,retAi`lers
mobsmandates@att.net,0d]Ibwp6w4x3{{
rattlinginch@verizon.net,chieFtai|cies
ginnedsergio@comcast.net,5=0^Q;?8J]I33G
finnedspiral@gmx.com,8[8q>@!<zUk9
fraughtpedro@yahoo.com,fuG$atos2
pearttrigs@gmail.com,spat58
shycameron@att.net,ince(ptIon
blockedzack@gmail.com,Ng:&/#@'oq8a&4
fatedzests@gmail.com,bOrderlin+e
moltocrisp@live.com,r~eGales3
milledparol@yahoo.co.uk,horehound
chargelessblimps@hotmail.co.uk,quires
briefcarri@msn.com,"7""}5J149d5:7H"
claddrawl@att.net,"/~~0<?""opAX{"
shyjolyn@comcast.net,/Bx5k&{6]Q3f
blowzedemma@live.com,mopes4
toughconfirm@aol.com,cle~rgYman
cheesedflare@msn.com,spathe
svelterudy@live.com,`b^&D`6F7Ckd5
wavedviva@me.com,ramp40
thoughspent@gmail.com,auto79
neapjovita@verizon.net,snarers
crownedandy@mac.com,strunt
twpotha@gmx.com,ogles9
pottedconks@email.com,ghaut0
heeledstephen@aol.com,bluer1
seelyluffs@yahoo.co.uk,<redResser
boiledoliver@email.com,moNetis{e
jussivebaunleuang@mac.com,hates0
sweptfell@comcast.net,peAce!making
cannedlaurel@msn.com,hives0
threadybonsall@yahoo.com,smits0
leftkyung@mac.com,b8Q96Y'^[<2#
slierjannette@gmx.com,Str+eaminess
strifefulsook@aol.com,quinO^line
hoggedmohamed@aol.com,belcher
wrappedholdback@msn.com,{|2fH11KPM)1|h
bluestdaryanl@gmx.com,a~bstAiner
surekirn@verizon.net,upbRin#ging
givingwrist@mac.com,vomIt=o51
muchpecks@me.com,spears
gravehaft@att.net,]20t5g|#?#66x
slightbroadsheet@live.com,joStle>ment
bluffdarryl@aol.com,Mat/ronhoods
intermarty@msn.com,glu?taMine
worstisiah@mac.com,lipid7
kinwilfredo@mail.com,nast&urtIums
landwardsfoin@me.com,ceps68
blestethelyn@gmx.com,beguilemEnt)s
nudelytrek@comcast.net,strollers
sylvantrull@comcast.net,"=)""+02"")6]#1/"
aptlaverna@yahoo.com,sylph4
throughlymads@comcast.net,yeast2
throughswap@email.com,mode72
leftgigi@me.com,7pT9/gAy?{n0
modterrence@aol.com,colter
pluslindsey@hotmail.co.uk,F?uturists
liketrademarks@comcast.net,contaI!ner
bluntmantras@mac.com,rots73
hornlikefidler@mail.com,#NAME?
slierslipware@live.com,sigher
puiralissa@hotmail.co.uk,"222)""&06#UE7f2"
smilingwrona@verizon.net,|8L4@E&L'iT%Q
tinhornbendu@yahoo.com,tews25
spryleticia@verizon.net,"mo""Rtgagees"
toomallan@hotmail.co.uk,wildness
skewreggie@hotmail.co.uk,2t69b5&6S4:O[
queerellis@yahoo.co.uk,;3/f:d2|61@dc
quackkelley@me.com,meso?spheRe
chanceissac@gmail.com,quotient
forsoothsoaks@hotmail.co.uk,[lAnsquenets
alonegloat@email.com,r@9(%8<tYG6&@n
deftnoe@gmail.com,pOs1[%w3)y6{)0
valancedbunch@aol.com,wetness
perhapswrest@verizon.net,flax72
dashedshirlee@yahoo.co.uk,fRequ^entness
foiledalexander@aol.com,camass
crankmammie@mac.com,slavey
damnedotto@hotmail.co.uk,chappal
cumbrousbuoy@verizon.net,helper
shedcary@live.com,mutule
raptpurse@att.net,8%3aNZ44q0$2#j
curtlyfelt@att.net,caT:tleman
jademismatch@aol.com,xant.hOma
funkedsanjuana@hotmail.co.uk,frogman
wedgyengebretsen@hotmail.com,9|W}?0(0X7{2[
gutsyhatada@yahoo.co.uk,bredes
crassrenato@msn.com,^floatatiOn
grabnelia@aol.com,escrow
gaugebruno@aol.com,zithers
graveessix@gmail.com,News{iness
coursedlashonda@hotmail.com,wolveriNe]s
sweptsari@gmx.com,shelves
rathfrancis@live.com,refs43
soundlesstweets@email.com,rethink
suchflanks@hotmail.co.uk,Tr~emulant
raptteodoro@aol.com,filasse
trimlyebbs@yahoo.com,prima]Cies
punkcaitlin@verizon.net,sails8
fainbennie@mail.com,eYases7?7
evenskeesling@gmx.com,prodrome
damnfought@live.com,tetr;Oxide
hitsquiffer@msn.com,bins75
topsgassing@verizon.net,#(@cFQU)]$D2
boullesnool@gmx.com,%#c6~%0)36~^h{
serebeau@msn.com,"V+zoh+5""s:>4T"
leftbrocade@msn.com,"underglAz""e"
gunnedjc@hotmail.com,7#^/.ix2v;9B
kindlykauffmann@att.net,"4.K7(m""=<(t7~5"
mairdeigns@yahoo.co.uk,co<nFiner
eathnuanes@yahoo.co.uk,majo&reTte
naiveliebsch@verizon.net,tEgu:la14
boundarlen@yahoo.co.uk,?;660^9R0(gg32
nowedditullio@verizon.net,ga:rdEner
undreameddangelo@gmail.com,14/5^&$`I2}B)q
brokevannessa@msn.com,monarchs
hugelystole@msn.com,fRo[ntispiece
backedvictor@live.com,fL&~38#14|3&@
doomscrazes@gmx.com,a+`&}9>88w<=95
briefneoma@hotmail.com,(archbisHop
cooljosh@yahoo.com,thrifts
cheekterrance@yahoo.com,lamplight
dernspool@live.com,response;Rs
gravecribbing@hotmail.co.uk,roles4
printduane@gmx.com,hubs82
byealvera@mac.com,squirt
brushedrodrick@email.com,tripper
sizetania@hotmail.co.uk,framers
dereambert@msn.com,dux267
swankgus@gmail.com,scam~Mony
wedgedboos@msn.com,scrooge
wrappedyuko@mac.com,~pooPs094
breedingslums@hotmail.co.uk,prInce&liness
vaguecharline@verizon.net,58qy3%16?080}
straightlyheft@gmail.com,gemmule
chirkali@mac.com,527M.RzH|t5`1
strungaaron@mac.com,"Junketee""rs"
tropporake@gmail.com,bathhous`Es
aughtwench@gmail.com,"~}K?9&B""X]i4""2"
lieveclings@hotmail.com,sIlla%bubs
mannedcosgrave@att.net,"13|'}5""@Cq;1"
stretchtana@verizon.net,`;@8Vn#64I>~%4
clippedfrancis@verizon.net,kersey
tonloam@gmx.com,postuR;ers
sidelonghides@yahoo.co.uk,sir[ocCos
wedgeddarcie@gmail.com,nescience
whereforegaffs@me.com,trAp}unto
voguejanee@me.com,Overth`row
thwartroyce@att.net,22|{:)J|[7vy
murkalica@comcast.net,b'attLeships
gummedkossin@comcast.net,congeAlme.nt
analmargeret@yahoo.co.uk,gourd6
lowncristal@att.net,?7U5@90}+^80?
flawedsean@att.net,{^613t50N6`6D
aloofjunks@comcast.net,pone37
poshseize@comcast.net,tousles
lippedcouch@aol.com,b@<7Ob241:6W
fortewilt@verizon.net,/Sienna32
couthelsie@gmail.com,famine
mairvenice@att.net,e?nAmels2
walehealing@msn.com,}magnetoNs
chasteshelby@yahoo.co.uk,hi[stoRy5
prettyhavis@msn.com,zho958
sliestmarleen@msn.com,feel24
litheodell@mac.com,"mul""ligAn"
loaththomas@yahoo.com,a96I6:8;#=8'
quitdayle@me.com,O65J+337#})H6
burnederik@me.com,glides
stagedconsuelo@mac.com,taint6
squinttinker@hotmail.com,spinet
jadekenneth@gmx.com,teg221
sparsedevin@comcast.net,{cOnnector
staunchcoleman@hotmail.com,lakers
liefleon@mail.com,Antifree!ze
liegeglady@verizon.net,>08Z+65I2&2`U
sownjasmin@gmx.com,cliques
sizefeagin@att.net,slights
spiffingsculls@verizon.net,8vt/f669h@waM
naefiona@email.com,nobs45
limpheave@hotmail.com,sylphids
rashsmugala@gmail.com,embrace
zonkedthrenode@yahoo.com,/)V]CP((|&c8P
flownbeverlee@comcast.net,Harde~ner
okeduncan@att.net,jab551
perforcetrip@gmail.com,10[{3]3?`8[6U
deafalisia@yahoo.com,#inFluxes
yonprigs@email.com,pois42
drunkshonna@hotmail.co.uk,he>avyweiGht
damnedtasha@yahoo.com,cogNi+tions
foulbradley@verizon.net,quInac[rine
dreadbonita@live.com,Incomin?g
fortelesson@live.com,grump8
boldcallet@mail.com,sP.7sG@80`f5O
untiledladue@gmail.com,!coranTos
trefhunter@att.net,levIt@y56
sorealmeda@hotmail.com,cha!racIns
gibbedray@att.net,and139
heathenboche@aol.com,adHe:6z([.`!7
sweptdelia@msn.com,d{ebacLe2
skinnedbenton@gmail.com,scarfskin
paidachkan@mail.com,b31+~18!6l4a.
moonstruckjakubik@me.com,u%ndercoaTs
muterouth@comcast.net,serfs1
wingedvolva@comcast.net,UD!(;68>^t~&7
blondeorville@msn.com,i>nciVism
couthedgar@gmx.com,patChouli|s
thereoutspouts@email.com,mAstershi$p
toldmaselli@gmx.com,skiplane
thenbrooch@yahoo.co.uk,2f0C^(&1.52n'
sincegap@mac.com,oCta+vo19
linkedmoraites@mac.com,blackout
dealtim@me.com,}23=o8>623i5Q
piledgaynell@aol.com,kelp55
allpapism@mac.com,sk'illIon
thaebud@verizon.net,Re/flector
nightsstales@hotmail.com,"6g>$2P8T|9H
aroidfirms@me.com,churl9
whereofpecks@live.com,>!q/203$FtZN0Y
sorehal@msn.com,subteen
driedyanira@aol.com,0x11RB/+<+122^
wideprickle@verizon.net,pEssimi$sts
famousstarck@gmail.com,j'+?1t{2%1[i"
serestanton@yahoo.co.uk,5:87;1o~V}/1!
unsoundgrimstead@verizon.net,maSta:ba8
burredcarson@mail.com,orPhana>ge
stungsquit@me.com,:81QFk&|4?3}5
anealissa@mail.com,impuls/Ions
sleektreftz@mail.com,bluet1
luxeshacks@comcast.net,whiffers
anestancombe@live.com,"Xe"">}92co2`3M"
unlimedweek@verizon.net,;TI^E0827m:W]3
girtpaik@mail.com,Emulsio&n
bugsdavid@yahoo.com,v:iscoUntcy
mzeepinkney@comcast.net,douches
slymartiny@mail.com,out)Rages
glummack@me.com,mInicam:9
succinctduesterhaus@yahoo.co.uk,);g{wKwoSn<xA
larkydill@hotmail.com,"!""6+'^37W4~v?"
herewithkraals@gmail.com,S0G5lf6).<)#1
dueteen@gmx.com,lier65
prestrookie@gmail.com,d315x6`3&9dJ8
supposedsimokat@mac.com,j:43493^8|}n9
sveltegraft@email.com,en[doplaSms
chockpartakes@att.net,62U2w0&53'7}(
churningwhere@mac.com,reCr]ements
triedclair@hotmail.com,hulks3
tersepeat@msn.com,'affliCtion
starredeusebio@mail.com,manille
drunkleisa@yahoo.co.uk,trim74
promptyeuks@att.net,loots5
skewreggie@hotmail.co.uk,2t69b5&6S4:O[
queerellis@yahoo.co.uk,;3/f:d2|61@dc
quackkelley@me.com,meso?spheRe
chanceissac@gmail.com,quotient
forsoothsoaks@hotmail.co.uk,[lAnsquenets
alonegloat@email.com,r@9(%8<tYG6&@n
deftnoe@gmail.com,pOs1[%w3)y6{)0
valancedbunch@aol.com,wetness
perhapswrest@verizon.net,flax72
dashedshirlee@yahoo.co.uk,fRequ^entness
foiledalexander@aol.com,camass
crankmammie@mac.com,slavey
damnedotto@hotmail.co.uk,chappal
cumbrousbuoy@verizon.net,helper
shedcary@live.com,mutule
raptpurse@att.net,8%3aNZ44q0$2#j
curtlyfelt@att.net,caT:tleman
jademismatch@aol.com,xant.hOma
funkedsanjuana@hotmail.co.uk,frogman
wedgyengebretsen@hotmail.com,9|W}?0(0X7{2[
gutsyhatada@yahoo.co.uk,bredes
crassrenato@msn.com,^floatatiOn
grabnelia@aol.com,escrow
gaugebruno@aol.com,zithers
graveessix@gmail.com,News{iness
coursedlashonda@hotmail.com,wolveriNe]s
sweptsari@gmx.com,shelves
rathfrancis@live.com,refs43
soundlesstweets@email.com,rethink
suchflanks@hotmail.co.uk,Tr~emulant
raptteodoro@aol.com,filasse
trimlyebbs@yahoo.com,prima]Cies
punkcaitlin@verizon.net,sails8
fainbennie@mail.com,eYases7?7
evenskeesling@gmx.com,prodrome
damnfought@live.com,tetr;Oxide
hitsquiffer@msn.com,bins75
topsgassing@verizon.net,#(@cFQU)]$D2
boullesnool@gmx.com,%#c6~%0)36~^h{
serebeau@msn.com,"V+zoh+5""s:>4T"
leftbrocade@msn.com,"underglAz""e"
gunnedjc@hotmail.com,7#^/.ix2v;9B
kindlykauffmann@att.net,"4.K7(m""=<(t7~5"
mairdeigns@yahoo.co.uk,co<nFiner
eathnuanes@yahoo.co.uk,majo&reTte
naiveliebsch@verizon.net,tEgu:la14
boundarlen@yahoo.co.uk,?;660^9R0(gg32
nowedditullio@verizon.net,ga:rdEner
undreameddangelo@gmail.com,14/5^&$`I2}B)q
brokevannessa@msn.com,monarchs
hugelystole@msn.com,fRo[ntispiece
backedvictor@live.com,fL&~38#14|3&@
doomscrazes@gmx.com,a+`&}9>88w<=95
briefneoma@hotmail.com,(archbisHop
cooljosh@yahoo.com,thrifts
cheekterrance@yahoo.com,lamplight
dernspool@live.com,response;Rs
gravecribbing@hotmail.co.uk,roles4
printduane@gmx.com,hubs82
byealvera@mac.com,squirt
brushedrodrick@email.com,tripper
sizetania@hotmail.co.uk,framers
dereambert@msn.com,dux267
swankgus@gmail.com,scam~Mony
wedgedboos@msn.com,scrooge
wrappedyuko@mac.com,~pooPs094
breedingslums@hotmail.co.uk,prInce&liness
vaguecharline@verizon.net,58qy3%16?080}
straightlyheft@gmail.com,gemmule
chirkali@mac.com,527M.RzH|t5`1
strungaaron@mac.com,"Junketee""rs"
tropporake@gmail.com,bathhous`Es
aughtwench@gmail.com,"~}K?9&B""X]i4""2"
lieveclings@hotmail.com,sIlla%bubs
mannedcosgrave@att.net,"13|'}5""@Cq;1"
stretchtana@verizon.net,`;@8Vn#64I>~%4
clippedfrancis@verizon.net,kersey
tonloam@gmx.com,postuR;ers
sidelonghides@yahoo.co.uk,sir[ocCos
wedgeddarcie@gmail.com,nescience
whereforegaffs@me.com,trAp}unto
voguejanee@me.com,Overth`row
thwartroyce@att.net,22|{:)J|[7vy
murkalica@comcast.net,b'attLeships
gummedkossin@comcast.net,congeAlme.nt
analmargeret@yahoo.co.uk,gourd6
lowncristal@att.net,?7U5@90}+^80?
flawedsean@att.net,{^613t50N6`6D
aloofjunks@comcast.net,pone37
poshseize@comcast.net,tousles
lippedcouch@aol.com,b@<7Ob241:6W
fortewilt@verizon.net,/Sienna32
couthelsie@gmail.com,famine
mairvenice@att.net,e?nAmels2
walehealing@msn.com,}magnetoNs
chasteshelby@yahoo.co.uk,hi[stoRy5
prettyhavis@msn.com,zho958
sliestmarleen@msn.com,feel24
litheodell@mac.com,"mul""ligAn"
loaththomas@yahoo.com,a96I6:8;#=8'
quitdayle@me.com,O65J+337#})H6
burnederik@me.com,glides
stagedconsuelo@mac.com,taint6
squinttinker@hotmail.com,spinet
jadekenneth@gmx.com,teg221
sparsedevin@comcast.net,{cOnnector
staunchcoleman@hotmail.com,lakers
liefleon@mail.com,Antifree!ze
liegeglady@verizon.net,>08Z+65I2&2`U
sownjasmin@gmx.com,cliques
sizefeagin@att.net,slights
spiffingsculls@verizon.net,8vt/f669h@waM
naefiona@email.com,nobs45
limpheave@hotmail.com,sylphids
rashsmugala@gmail.com,embrace
